profile,rms_zs,max_zs,rms_jerk,comfort_score
profile_1,0.008380483593689085,0.060269793939944756,8.701990451864132,120.3893222934936
profile_2,0.015303399540084047,0.0261274992132115,38.87106919444885,116.79608430268001
profile_3,0.0014370498489600675,0.004198023746078961,21.474298024211237,100.64558002656415
profile_4,0.010338949478329479,0.07256456314237814,75.80156130993353,1528.2185125081278
profile_5,0.009782510268440132,0.05192908577847914,73.50313038546062,1279.839210384422
